Abbreviation,FullForm
2D,Two-dimensional (2D)
3D,Three-dimensional (3D)
4D,Four-dimensional (4D)
A',Peak velocity of diastolic mitral annular motion (A')
AA,Aortic Arch (AA)
AAA,Abdominal Aortic Aneurysm (AAA)
AAL,Aortic Annular Leaflet (AAL)
AAO,ascending aorta (AAo)
AAT,Aortic Annular Tethering (AAT)
ACACT,Aortic Coarctation Activity (ACACT)
ACC,Aortic Cross Clamp (ACC)
ACCT,A-wave-acceleration time (ACCT)
ACCTT,A-wave-acceleration time (ACCT)
ACHD,Adult Congenital Heart Disease (ACHD)
ACP,Aortic Cusp Prolapse (ACP)
ACS,Acute Coronary Syndrome (ACS)
ACT,Acceleration Time (ACT)
ADHF,Acute Decompensated Heart Failure (ADHF)
ADPKD,Autosomal Dominant Polycystic Kidney Disease (ADPKD)
Adur,Duration of the A wave (Adur)
Adur:Ardur,Ratio of Adur to ARdur (Adur:Ardur)
AF,Atrial Fibrillation (AF)
AFL,Atrial Flutter (AFL)
AFR,Atrial Fibrillation with Rapid Ventricular Response (AFR)
AFRVR,Atrial Fibrillation with Rapid Ventricular Rate (AFRVR)
AF-RVR,Atrial Fibrillation with Rapid Ventricular Rate (AFRVR)
AGA,AGA (AGA Amplatzer device for structural heart defects)
AGO,Aortic Gradient Observed (AGO)
AI,Aortic Insufficiency (AI)
AIAA,Anomalous Intra-Aortic Artery (AIAA)
AIM,Acute Ischemic Myocardium (AIM)
AIPHT,Acute Idiopathic Pulmonary Hypertension (AIPHT)
AI-PHT,Acute Idiopathic Pulmonary Hypertension (AIPHT)
AIS,Acute Ischemic Stroke (AIS)
AIVC,Anomalous Inferior Vena Cava (AIVC)
AIVR,Accelerated Idioventricular Rhythm (AIVR)
AIVTI,Aortic Inflow Velocity-Time Integral (AIVTI)
AK,Akinetic (AK)
AKI,Acute Kidney Injury (AKI)
AL,Anomalous Left (AL)
ALCAPA,Anomalous Left Coronary Artery from the Pulmonary Artery (ALCAPA)
ALMV,Accessory Left Mitral Valve (ALMV)
ALTOSA,Altered Orientation of Subvalvular Apparatus (ALTOSA)
ALVI,Anomalous Left Ventricular Inflow (ALVI)
AMC,Anterior Mitral Commissure (AMC)
AMI,Acute myocardial infarction (AMI)
AML,Anterior Mitral Leaflet (AML)
AMLULET,Anterior Mitral Leaflet Upper Leaflet Edge Tethering (AMLULET)
AMLV,Accessory Mitral Leaflet Valve (AMLV)
AMV,Anomalous Mitral Valve (AMV)
AMVL,Anterior Mitral Valve Leaflet (AMVL)
AMVLL,Anterior Mitral Valve Leaflet Length (AMVLL)
AMVLS,Anterior Mitral Valve Leaflet Systolic Tethering (AMVLS)
AMWL,Anterior Mitral Wall Length (AMWL)
AMWR,Anterior Mitral Wall Rupture (AMWR)
AN,Aneurysm (AN)
AND,Aneurysmal Dilatation (AND)
ANGIO,Angiography (ANGIO)
ANT,Anterior (ANT)
ANVL,Anterior Ventricular Leaflet (ANVL)
AO,Aorta (AO)
Ao,Aorta (Ao)
AOD,Aortic Diameter (AOD)
AOPG,Aortic Peak Gradient (AOPG)
AORTIC,Related to the Aorta (AORTIC)
AOV,Aortic Valve (AOV)
AP,Anteroposterior (AP)
APD,Anteroposterior Diameter (APD)
APS,Anomalous Pulmonary Segment (APS)
APVC,Anomalous Pulmonary Venous Connection (APVC)
APW,Aortopulmonary Window (APW)
AR,Aortic Regurgitation (AR)
ARC,Aortic Root Calcification (ARC)
ARdur,Duration of the AR wave (ARdur)
ARVC,Arrhythmogenic Right Ventricular Cardiomyopathy (ARVC)
ARVD,Arrhythmogenic Right Ventricular Dysplasia (ARVD)
AS,Aortic Stenosis (AS)
ASC,Ascending (ASC)
ASD,Atrial Septal Defect (ASD)
ASDD,Atrial Septal Defect with Direction of Shunting (ASDD)
ASH,Asymmetric Septal Hypertrophy (ASH)
ASM,Asymmetric Septal Motion (ASM)
ASR,Aortic Systolic Regurgitation (ASR)
AST,Atrial Septal Thickening (AST)
ASV,Adaptive Support Ventilation (ASV)
AT,Atrial Tachycardia (AT)
AT:ET,Ratio of AT to ET (AT:ET)
ATA,Atrial Tachyarrhythmia (ATA)
ATCP,Atrial Tachycardia with Preserved Conduction (ATCP)
ATJ,Atrioventricular Junction (ATJ)
ATOSA,Altered Topography of Subvalvular Apparatus (ATOSA)
ATPSE,Adenosine Triphosphate Stress Echocardiography (ATPSE)
ATS,Aortic Thrombotic Stenosis (ATS)
ATT,Atrial Tissue Tethering (ATT)
ATVL,Anterior Tricuspid Valve Leaflet (ATVL)
ATX,Atrioventricular Tachycardia (ATX)
AV,Atrioventricular (AV)
AVA,Aortic Valve Area (AVA)
AVAACT,Aortic Valve Area Activation Time (AVAACT)
AVACCT,Aortic Valve Acceleration Time (AVACCT)
AVACT,Aortic Valve Activation Time (AVACT)
AVAT,Atrioventricular Activation Time (AVAT)
AVB,Atrioventricular Block (AVB)
AVC,Aortic valve closure (AVC)
AVCD,Atrioventricular Canal Defect (AVCD)
AVE,Aortic Valve Equivalent (rare usage) (AVE)
AVF,Atrioventricular Fistula (AVF)
AVL,Aortic Valve Leaflet (AVL)
AVLS,Aortic Valve Leaflet Sclerosis (AVLS)
AVM,Arteriovenous Malformation (AVM)
AVMG,Aortic Valve Mean Gradient (AVMG)
AVML,Aortic Valve Maximum Leaflet Motion (AVML)
AVNRT,Atrioventricular Nodal Reentrant Tachycardia (AVNRT)
AVO,Aortic valve opening (AVO)
AVPG,Aortic Valve Peak Gradient (AVPG)
AVR,Aortic Valve Replacement (AVR)
AVRD,Arrhythmogenic Right Ventricular Dysplasia (AVRD)
AVRT,Atrioventricular Reentrant Tachycardia (AVRT)
AVS,Aortic Valve Stenosis (AVS)
AVSD,Atrioventricular Septal Defect (AVSD)
AVT,Atrioventricular Tachycardia (AVT)
AVTI,Aortic Valve Time Integral (AVTI)
AVV,Atrioventricular Valve (AVV)
AVVTI,Atrioventricular Valve Time Integral (AVVTI)
AWD,Anterior Wall Dysfunction (AWD)
BA,Balloon Angioplasty (BA)
BAD,Balloon Aortic Dilatation (BAD)
BAE,Bronchial Artery Embolization (BAE)
BAS,Balloon Atrial Septostomy (BAS)
BAV,Bicuspid Aortic Valve (BAV)
BB,Beta-Blocker (BB)
BBB,Bundle Branch Block (BBB)
BC,Blood Culture (BC)
BCC,Basal Cell Carcinoma (BCC)
BDG,Bidirectional Glenn (surgical procedure for congenital heart defects) (BDG)
BIB,Balloon in Balloon (BIB)
BIO,Biological or Bioprosthetic valve (BIO)
BIPAP,Bilevel Positive Airway Pressure (BIPAP)
BM,Bone Marrow (BM)
BMI,Body Mass Index (BMI)
BMT,Bone Marrow Transplant (BMT)
BNP,B-type Natriuretic Peptide (BNP)
BO,Bowel Obstruction (BO)
BP,Blood Pressure (BP)
BPM,Beats Per Minute (heart rate) (BPM)
BR,Breathing Rate (BR)
BSA,Body Surface Area (BSA)
BT,Blalock-Taussig (shunt procedure) (BT)
BTK,Below-The-Knee (BTK)
CA,Coronary Artery (CA)
CAB,Coronary Artery Bypass (CAB)
CABD,Coronary Artery Bypass Draft (CABD)
CABG,Coronary Artery Bypass Grafting (CABG)
CABGS,Coronary Artery Bypass Grafts (CABGS)
CAC,Coronary Artery Calcification (CAC)
CAD,Coronary Artery Disease (CAD)
CAF,Chronic atrial fibrillation (CAF)
CAG,Coronary Angiography (CAG)
CAGB,Coronary Artery Graft Bypass (CAGB)
CANG,Coronary Angiography (CANG)
CAO,Coronary Artery Occlusion (CAO)
CAP,Community-Acquired Pneumonia (CAP)
CATH,Catheterization (CATH)
CAV,Coronary Allograft Vasculopathy (CAV)
CAVSD,Complete Atrioventricular Septal Defect (CAVSD)
CBAG,Coronary Bypass Artery Graft (CBAG)
CBP,Cardiopulmonary Bypass (CBP)
CCC,Congestive Cardiac Care or Cardiac Care Center (CCC)
CCCU,Coronary Critical Care Unit (CCCU)
CCF,Congestive Cardiac Failure (CCF)
CCS,Chronic Coronary Syndrome (CCS)
CCTA,Coronary Computed Tomography Angiography (CCTA)
CCTG,Congenitally Corrected Transposition of the Great Arteries (CCTG)
CCTGA,Congenitally Corrected Transposition of the Great Arteries (CCTGA)
CC-TGA,Congenitally Corrected Transposition of the Great Arteries (CCTGA)
CCU,Coronary Care Unit (CCU)
CD,Color Doppler (CD)
CDS,Color Doppler Study (CDS)
CDT,Catheter-Directed Thrombolysis (CDT)
CE,Contrast Echocardiography (CE)
CEA,Carotid Endarterectomy or Contrast-Enhanced Angiography (CEA)
CEE,Contrast-Enhanced Echocardiography (CEE)
CERA,CERA (transcatheter device used for atrial septal defect)
CFD,Color Flow Doppler (CFD)
CFDS,Color Flow Doppler Study (CFDS)
CFS,Congestive Heart Failure Symptoms (CFS)
CFSD,Color Flow Spectral Doppler (CFSD)
CFU,Cardiac Functional Unit (CFU)
CFV,Common Femoral Vein (CFV)
CHB,Complete Heart Block (CHB)
CHD,Congenital Heart Disease or Coronary Heart Disease (CHD)
CHF,Congestive Heart Failure (CHF)
CI,Cardiac Index (CI)
CIED,Cardiac Implantable Electronic Device (CIED)
CKD,Chronic Kidney Disease (CKD)
CLIP,Mitral Valve Clip (device used in mitral valve repair) (CLIP)
CLL,Chronic Lymphocytic Leukemia (CLL)
CMC,Closed Mitral Commissurotomy (CMC)
CML,Chronic Myeloid Leukemia (CML)
CMP,Cardiomyopathy (CMP)
CMR,Cardiac Magnetic Resonance (imaging) (CMR)
CMVC,Complete Mitral Valve Closure (CMVC)
CNS,Central Nervous System (CNS)
CO,Cardiac Output (CO)
COA,Coarctation of the Aorta (COA)
CO-A,Coarctation of the Aorta (CO-A)
COAAV,Coarctation of Aortic Arch Vessels (COAAV)
CO-AO,Coarctation of the Aorta (COAO)
COARC,Coarctation (COARC)
CONE,Cone (a surgical procedure for Ebstein anomaly)
COPD,Chronic Obstructive Pulmonary Disease (COPD)
COREVALVE,CoreValve (transcatheter aortic valve by Medtronic) (COREVALVE)
CP,Chest Pain (CP)
CPB,Cardiopulmonary Bypass (CPB)
CPBP,Cardiopulmonary Bypass Procedure (CPBP)
CPCR,Cardiopulmonary Cerebral Resuscitation (CPCR)
CPR,Cardiopulmonary Resuscitation (CPR)
CRAO,Central Retinal Artery Occlusion (CRAO)
CRF,Chronic Renal Failure (CRF)
CRP,C-Reactive Protein (CRP)
CRT,Cardiac Resynchronization Therapy (CRT)
CRTD,Cardiac Resynchronization Therapy with Defibrillator (CRTD)
CRT-D,Cardiac Resynchronization Therapy with Defibrillator (CRTD)
CRT-P,Cardiac Resynchronization Therapy Pacemaker (CRT-P)
CS,Coronary Sinus (CS)
CSA,Cross-sectional area (CSA)
CT,Computed Tomography (CT)
CTA,Computed Tomography Angiography (CTA)
CT-A,Computed Tomography Angiography (CT-A)
CT-ANGIO,Computed Tomography Angiography (CT-ANGIO)
CTEPH,Chronic Thromboembolic Pulmonary Hypertension (CTEPH)
CTO,Chronic Total Occlusion (CTO)
CV,Cardiovascular (CV)
CVA,Cerebrovascular Accident (stroke) (CVA)
CVC,Central Venous Catheter (CVC)
CVID,Common Variable Immunodeficiency (CVID)
CVP,Central Venous Pressure (CVP)
CVS,Cardiovascular System (CVS)
CW,Continuous Wave (used in Doppler echocardiography) (CW)
CXR,Chest X-Ray (CXR)
D,Peak velocity of diastolic pulmonary vein flow (D)
DA,Ductus Arteriosus (DA)
DAO,Descending Aorta (DAO)
DAVID,David Procedure (aortic valve-sparing surgery) (DAVID)
DBI,Diastolic Blood Index (DBI)
DBP,Diastolic Blood Pressure (DBP)
DCM,Dilated Cardiomyopathy (DCM)
DCMP,Dilated Cardiomyopathy (DCMP)
DCRV,Double-Chambered Right Ventricle (DCRV)
DD,Diastolic Dysfunction (DD)
DDDR,Dual Chamber Rate-Responsive Pacemaker (DDDR)
DDGI,Double-Outlet Right Ventricle with Group I Physiology (DDGI)
DDGII,Double-Outlet Right Ventricle with Group II Physiology (DDGII)
DDX,Differential Diagnosis (DDX)
DE,Doppler echocardiography (DE)
DHF,Diastolic Heart Failure (DHF)
DIC,Disseminated Intravascular Coagulation (DIC)
DILV,Double-Inlet Left Ventricle (DILV)
DIRV,Double-Inlet Right Ventricle (DIRV)
DKA,Diabetic Ketoacidosis (DKA)
DLBCL,Diffuse Large B-Cell Lymphoma (DLBCL)
DLBL,Diffuse Large B-Cell Lymphoma (DLBCL)
DLP,Dyslipidemia (DLP)
DM,Diabetes Mellitus (DM)
DOD,Dyspnea on Exertion (DOD)
DOE,Dyspnea On Exertion (DOE)
DOLV,Double-Outlet Left Ventricle (DOLV)
DORA,Double Outlet Right Atrium (DORA)
DORV,Double-Outlet Right Ventricle (DORV)
DP,Diastolic Pressure (DP)
DPG,Diastolic Pressure Gradient (DPG)
DT,Deceleration Time (DT)
DTA,Descending Thoracic Aorta (DTA)
DTE,Deceleration time of early diastolic flow (DTE)
DTGA,Dextro-Transposition of the Great Arteries (DTGA)
DVI,Doppler Velocity Index (DVI)
DVT,Deep Vein Thrombosis (DVT)
DWI,Diffusion-Weighted Imaging (DWI)
DX,Diagnosis (DX)
DYSFX,Dysfunction (DYSFX)
E,Peak velocity of early diastolic transmitral flow (E)
E',Peak velocity of early diastolic mitral annular motion (E')
E:A,Ratio of E to A (E:A)
E':A',Ratio of E' to A' (E':A')
E:E',Ratio of E to E' (E:E')
E:IVRT,Ratio of E to IVRT (E:IVRT)
E:Vp,Ratio of E to Vp (E:Vp)
EA,Ebstein Anomaly (EA)
EAfus,Peak velocity of summated E and A waves (EAfus)
E'A'fus,Peak velocity of summated E' and A' waves (E'A'fus)
EAVI,Early Aortic Valve Involvement (EAVI)
ECG,Electrocardiogram (ECG)
ECHO,Echocardiogram or Echocardiography (ECHO)
ECMO,Extracorporeal Membrane Oxygenation (ECMO)
ECP,External Counterpulsation (ECP)
ED,Emergency Department (ED)
EDD,End-Diastolic Diameter (EDD)
EDDI,End-Diastolic Dimension Index (EDDI)
EDLVVI,End-Diastolic Left Ventricular Volume Index (EDLVVI)
EDV,End-Diastolic Volume (EDV)
EDVI,End-Diastolic Volume Index (EDVI)
EF,Ejection Fraction (EF)
EKG,Electrocardiogram (EKG)
EMB,Endomyocardial Biopsy (EMB)
EMD,Electromechanical Dissociation (EMD)
EMR,Electronic Medical Record (EMR)
ENB,Endobronchial (ENB)
EOA,Effective Orifice Area (commonly used for valve assessment) (EOA)
EP,Electrophysiology (EP)
EPLAB,Electrophysiology Lab (EPLAB)
EP-LAB,Electrophysiology Lab (EPLAB)
EPS,Electrophysiology Study (EPS)
EPSS,E-Point Septal Separation (EPSS)
EPV,Estimated Pulmonary Valve (EPV)
ER,Emergancy Room (ER)
ERI,Elective Replacement Indicator (used for cardiac devices) (ERI)
ERO,Effective Regurgitant Orifice (ERO)
EROA,Effective Regurgitant Orifice Area (EROA)
ESD,End-Systolic Diameter (ESD)
ESR,Erythrocyte Sedimentation Rate (ESR)
ESRD,End-Stage Renal Disease (ESRD)
ESV,End-systolic volume (ESV)
ESVI,End-systolic volume index (ESVI)
ET,Ejection time (ET)
ETT,Exercise Treadmill Test (ETT)
EVAR,Endovascular Aneurysm Repair (EVAR)
EVEDD,Endovascular End-Diastolic Diameter (EVEDD)
EWMA,Echocardiographic Regional Wall Motion Abnormality (EWMA)
FAC,Fractional Area Change (FAC)
FASD,FASD (a device used to close atrial septal defects )
FC,Functional Class (FC)
FCI,Functional Class I (FCI)
FCII,Functional Class II (FCII)
FCIII,Functional Class III (FCIII)
FCI-II,Functional Class I - II (FCI-II)
FCII-III,Functional Class II - III (FCII-III)
FCIII-IV,Functional Class III - IV (FCIII-IV)
FCIV,Functional Class IV (FCIV)
FED,Functional End-Diastole (FED)
FET,Frozen Elephant Trunk (aortic surgery technique) (FET)
FH,Family History (FH)
FONTAN,Fontan Procedure (surgical technique for single-ventricle physiology) (FONTAN)
FS,Fractional Shortening (FS)
FU,Follow-Up (FU)
FUO,Fever of Unknown Origin (FUO)
FX,Fracture (FX)
GCS,Glasgow Coma Scale (GCS)
GCT,Germ Cell Tumor (GCT)
GDMT,Guideline-Directed Medical Therapy (GDMT)
GEF,Global Ejection Fraction (GEF)
GFR,Glomerular Filtration Rate (GFR)
GHK,Global Hypokinesia (GHK)
GI,Gastrointestinal (GI)
GIB,Gastrointestinal Bleeding (GIB)
GIST,Gastrointestinal Stromal Tumor (GIST)
GLENN,Glenn Procedure (superior cavopulmonary anastomosis) (GLENN)
GLS,Global Longitudinal Strain (GLS)
GNRH,Gonadotropin-Releasing Hormone (GNRH)
GRF,Glomerular Filtration Rate (GRF)
GU,Genitourinary (GU)
HACEK,"Haemophilus, Aggregatibacter, Cardiobacterium, Eikenella, Kingella (group of bacteria causing endocarditis) (HACEK)"
HALT,Hypo-Attenuated Leaflet Thickenin (HALT)
HB,Hemoglobin (HB)
HCC,Hepatocelular Carcinoma (HCC)
HCM,Hypertrophic Cardiomyopathy (HCM)
HCV,Hepatitis C Virus (HCV)
HD,Hemodialysis (HD)
HF,Heart Failure (HF)
HFPEF,Heart Failure with Preserved Ejection Fraction (HFPEF)
HG,Hemoglobin (HG)
HGB,Hemoglobin (HGB)
HIN,Hypertensive Induced Nephropathy (HIN)
HK,Hypokinesia (HK)
HLP,Hyperlipidemia (HLP)
HM,HeartMate (brand of ventricular assist devices) (HM)
HOCM,Hypertrophic Obstructive Cardiomyopathy (HOCM)
HR,Heart Rate (HR)
HRCT,High-Resolution Computed Tomography (HRCT)
HSCT,Hematopoietic Stem Cell Transplantation (HSCT)
HT,Hypertension (HT)
HTN,Hypertension (alternative abbreviation) (HTN)
HVA,High-Velocity Aortic flow (HVA)
HVAD,HeartWare Ventricular Assist Device (HVAD)
HX,History (Hx)
Î”p,Pressure gradient (Î”p)
IABP,Intra-Aortic Balloon Pump (IABP)
IAMP,Inferior Artery Myocardial Perfusion (IAMP)
IART,Intra-Atrial Reentrant Tachycardia (IART)
IAS,Interatrial Septum (IAS)
IB,Interventional Biopsy (IB)
IBD,Inflammatory Bowel Disease (IBD)
ICD,Implantable Cardioverter Defibrillator (ICD)
ICD-CRT,Implantable Cardioverter Defibrillator  with Cardiac Resynchronization Therapy (ICD-CRT)
ICD-DR,Dual Chamber Cardioverter Defibrillator (ICD-DR)
ICD-VR,Single Chamber Cardioverter Defibrillator (ICD-VR)
ICH,Intracerebral Hemorrhage (ICH)
ICM,Ischemic Cardiomyopathy (ICM)
ICMP,Ischemic Cardiomyopathy (ICMP)
ICU,Intensive Care Unit (ICU)
ICUA,Intensive Care Unit A (specific hospital designation) (ICUA)
ICUB,Intensive Care Unit B (specific hospital designation) (ICUB)
IDD,Intellectual and Developmental Disability (IDD)
IDDM,Insulin-Dependent Diabetes Mellitus (IDDM)
IE,Infective Endocarditis (IE)
IFG,Impaired Fasting Glucose (IFG)
IFR,Instantaneous Wave-Free Ratio (IFR)
IHD,Ischemic Heart Disease (IHD)
IIA,Grade IIa (IIA)
IIVS,Intact Interventricular Septum (IIVS)
IMH,Intramural Hematoma (IMH)
IMP,Impression (clinical impression) (IMP)
INF,Inferior (INF)
IO,Intraoperative
IOBP,Intraoperative Balloon Pump (IOBP)
IOEE,Intraoperative Esophageal Echocardiography (IOEE)
IOTE,Intraoperative Transesophageal Echocardiography (IOTE)
IOTEE,Intraoperative Transesophageal Echocardiography (IOTEE)
IOTEEA,Intraoperative Transesophageal Echocardiographic Assessment (IOTEEA)
IPAH,Idiopathic Pulmonary Arterial Hypertension (IPAH)
IRVID,Internal Right Ventricular Internal Diameter (IRVID)
ISR,In-Stent Restenosis (ISR)
ISVC,Innominate Superior Vena Cava (ISVC)
ITP,Immune Thrombocytopenic Purpura (ITP)
IUFD,Intrauterine Fetal Demise (IUFD)
IV,Intravenous (IV)
IVC,Inferior Vena Cava (IVC)
IVCD,Intraventricular Conduction Delay (IVCD)
IVCT,Isovolumic contraction time (IVCT)
IVED,Indexed Ventricular End-Diastolic (dimension or volume) (IVED)
IVEDVI,Indexed Ventricular End-Diastolic Volume Index (IVEDVI)
IVG,Indexed Ventricular Gradient (IVG)
IVH,Intraventricular Hemorrhage (IVH)
IVID,Interventricular Internal Diameter (IVID)
IVIG,Intravenous Immunoglobulin (IVIG)
IVRT,Isovolumic relaxation time (IVRT)
IVS,Interventricular Septum (IVS)
IVS%,Fractional thickening of the IVS (IVS%)
IVSD,Interventricular Septal Diameter (IVSD)
IVST,Interventricular Septal Thickness (IVST)
IWS,Inferior Wall Segment (IWS)
IWSD,Inferior Wall Systolic Diameter (IWSD)
JET,Junctional Ectopic Tachycardia (JET)
KONO,Kono Procedure (surgical technique for outflow tract reconstruction) (KONO)
LA,Left Atrium (LA)
LA:Ao,Ratio of the left atrial dimension to the aortic annulus dimension (LA:Ao)
LAA,Left Atrial Appendage (LAA)
LAAA,Large Left Atrial Appendage Aneurysm (LAAA)
LAAD,Left Anterior Artery Diameter (LAAD)
LAAP,Left Atrial Appendage (LAAP)
LAAPD,Left Atrial Appendage Diameter (LAAPD)
LAB,Laboratory (LAB)
LAC,Left Atrial Contraction (LAC)
LACI,Left Atrial Contraction Index (LACI)
LAD,Left Anterior Descending (coronary artery) (LAD)
LAE,Left Atrial Enlargement (LAE)
LAEDD,Left Atrial End-Diastolic Dimension (LAEDD)
LAEDVI,Left Atrial End-Diastolic Volume Index (LAEDVI)
LAESD,Left Atrial End-Systolic Dimension (LAESD)
LAESVI,Left Atrial End-Systolic Volume Index (LAESVI)
LAI,Left Atrial Index (LAI)
LAmax,Maximum Left Atria dimension (LAmax)
LAP,Left Atrial Pressure (LAP)
LAPD,Left Atrial Pressure Difference (LAPD)
LAS,Left Atrial Strain (LAS)
LAT,Lateral (LAT)
LATA,Lateral Tricuspid Annulus (LATA)
LAV,Left Atrial Volume (LAV)
LAVCI,Left Atrial Volume to Cardiac Index (LAVCI)
LAVE,Left Atrial Volume Estimate (LAVE)
LAVI,Left Atrial Volume Index (LAVI)
LAX,Long-Axis (LAX)
LBBB,Left Bundle Branch Block (LBBB)
LC,Left Circumflex (artery) (LC)
LCA,Left Coronary Artery (LCA)
LCC,Left Coronary Cusp (LCC)
LCX,Left Circumflex Artery (LCX)
LDEDVI,Left Diastolic End-Diastolic Volume Index (LDEDVI)
LEDVI,Left End-Diastolic Volume Index (LEDVI)
LEEDD,Left Endocardial End-Diastolic Diameter (LEEDD)
LESD,Left End-Systolic Diameter (LESD)
LFV,Left Femoral Vein (LFV)
LIMA,Left Internal Mammary Artery (LIMA)
LLA,Lower Limb Artery (LLA)
LLPV,Left Lower Pulmonary Vein (LLPV)
LLVEDVI,Left Lower Ventricular End-Diastolic Volume Index (LLVEDVI)
LM,Left Main (coronary artery) (LM)
LMCA,Left Main Coronary Artery (LMCA)
LML,Left Mainstem Lesion (LML)
LMPV,Left Main Pulmonary Vein (LMPV)
LMT,Left Main Trunk (LMT)
LOC,Loss of Consciousness (LOC)
LOVFDVI,Left Ventricular Outflow Fractional Dimension Volume Index (LOVFDVI)
LOVT,Left Outflow Tract (LOVT)
LPA,Left Pulmonary Artery (LPA)
LPOPA,Left Pulmonary Obstructive Pulmonary Artery (LPOPA)
LPSVC,Left Persistent Superior Vena Cava (LPSVC)
LPV,Left Pulmonary Vein (LPV)
LPVS,Left Pulmonary Venous System (LPVS)
LQT,Long QT Syndrome (LQT)
LRPA,Left and Right Pulmonary Artery (LRPA)
LS,Longitudinal Strain (LS)
LSCA,Left Subclavian Artery (LSCA)
LSFA,Left Superficial Femoral Artery (LSFA)
LSVC,Left Superior Vena Cava (LSVC)
LT,Left (LT)
LTGA,Levo-Transposition of the Great Arteries (Congenitally Corrected TGA) (LTGA)
LUPV,Left Upper Pulmonary Vein (LUPV)
LV,Left Ventricle (LV)
LVA,Left Ventricular Aneurysm (LVA)
LVAD,Left Ventricular Assist Device (LVAD)
LVAEDI,Left Ventricular Area End-Diastolic Index (LVAEDI)
LVAI,Left Ventricular Area Index (LVAI)
LVAVI,Left Ventricular Area Volume Index (LVAVI)
LVBEDD,Left Ventricular Basal End-Diastolic Diameter (LVBEDD)
LVC,Left Ventricular Cavity (LVC)
LVD,Left Ventricular Dysfunction (LVD)
LVDD,Left Ventricular Diastolic Dysfunction (LVDD)
LVDDI,Left Ventricular Diastolic Diameter Index (LVDDI)
LVDDV,Left Ventricular Diastolic Dysfunction Volume (LVDDV)
LVDED,Left Ventricular Diastolic End-Dimension (LVDED)
LVDEDD,Left Ventricular Diastolic End-Diastolic Diameter (LVDEDD)
LVDI,Left Ventricular Diameter Index (LVDI)
LVDS,Left Ventricular End-Systolic Dimension (LVDS)
LVDSD,Left Ventricular End-Systolic Dimension (LVDSD)
LVDVI,Left Ventricular Diastolic Volume Index (LVDVI)
LVE,Left Ventricular Ejection (LVE)
LVED,Left Ventricular End-Diastole (LVED)
LVEDD,Left Ventricular End-Diastolic Diameter (LVEDD)
LVEDDD,Left Ventricular End-Diastolic Diameter  (LVEDDD)
LVEDDI,Left Ventricular End-Diastolic Dimension Index (LVEDDI)
LVEDDV,Left Ventricular End-Diastolic Dimension Volume (LVEDDV)
LVEDDVI,Left Ventricular End-Diastolic Dimension Volume Index (LVEDDVI)
LVEDI,Left Ventricular End-Diastolic Index (LVEDI)
LVEDNI,Left Ventricular End-Diastolic Normalized Index (LVEDNI)
LVEDP,Left Ventricular End-Diastolic Pressure (LVEDP)
LVEDPI,Left Ventricular End-Diastolic Pressure Index (LVEDPI)
LVEDS,Left Ventricular End-Diastolic Systole (LVEDS)
LVEDSI,Left Ventricular End-Diastolic Sphericity Index (LVEDSI)
LVEDV,Left Ventricular End-Diastolic Volume (LVEDV)
LVEDVI,Left Ventricular End-Diastolic Volume Index (LVEDVI)
LVEDVIU,Left Ventricular End-Diastolic Volume Indexed to Body Surface Area Units (LVEDVIU)
LVEDVP,Left Ventricular End-Diastolic Volume Pressure (LVEDVP)
LVEDVV,Left Ventricular End-Diastolic Volume Variation (LVEDVV)
LVEED,Left Ventricular End-Ejection Diameter (LVEED)
LVEEDD,Left Ventricular End-Ejection End-Diastolic Diameter (LVEEDD)
LVEF,Left Ventricular Ejection Fraction (LVEF)
LVEID,Left Ventricular Ejection Index Dimension (LVEID)
LVESD,Left Ventricular End-Systolic Diameter (LVESD)
LVESDD,Left Ventricular End-Systolic Diameter Dimension (LVESDD)
LVESI,Left Ventricular End-Systolic Index (LVESI)
LVESS,Left Ventricular End-Systolic Shortening (LVESS)
LVESV,Left Ventricular End-Systolic Volume (LVESV)
LVESVI,Left Ventricular End-Systolic Volume Index (LVESVI)
LVET,Left Ventricular Ejection Time (LVET)
LVEVDI,Left Ventricular End-Volume Diameter Index (LVEVDI)
LVEVI,Left Ventricular Ejection Volume Index (LVEVI)
LVF,Left Ventricular Function (LVF)
LVFE,Left Ventricular  Ejection Fraction (LVFE)
LVFP,Left Ventricular Filling Pressure (LVFP)
LVH,Left Ventricular Hypertrophy (LVH)
LVHI,Left Ventricular Hypertrophy Index (LVHI)
LVHIVS,Left Ventricular Hypertrophy of Interventricular Septum (LVHIVS)
LVHN,Left Ventricular Hypertrophy (LVHN)
LVI,Left Ventricular Index (LVI)
LVID,Left Ventricular Internal Diameter (LVID)
LVIDD,Left Ventricular Internal Diameter in Diastole (LVIDD)
LVIDS,Left Ventricular Internal Diameter in Systole (LVIDS)
LVNC,Left Ventricular Noncompaction (LVNC)
LVOT,Left Ventricular Outflow Tract (LVOT)
LVOTD,Left Ventricular Outflow Tract Diameter (LVOTD)
LVOTG,Left Ventricular Outflow Tract Gradient (LVOTG)
LVOTO,Left Ventricular Outflow Tract Obstruction (LVOTO)
LVOTVTI,Left Ventricular Outflow Tract Velocity-Time Integral (LVOTVTI)
LVPW,Left ventricular posterior wall (LVPW)
LVPW%,Fractional thickening of the left ventricular posterior wall (LVPW%)
LVPWd,Left ventricular posterior wall thickness at end-diastole (LVPWd)
LVPWs,Left ventricular posterior wall thickness at end-systole (LVPWs)
LVPWT,Left Ventricular Posterior Wall Thickness (LVPWT)
LVRDV,Left Ventricular Right Diastolic Volume (LVRDV)
LVSC,left superior vena cava (LSVC)
LVSD,LV systolic diameter (LVSD)
LVSP,Left Ventricular Systolic Pressure (LVSP)
LVV,Left Ventricular Volume (LVV)
LVVDI,Left Ventricular Volume Diameter Index (LVVDI)
LVVH,Left Ventricular Volume Hypertrophy (LVVH)
LVVI,Left Ventricular Volume Index (LVVI)
LVWT,Left Ventricular Wall Thickness (LVWT)
MAC,Mitral Annular Calcification (MAC)
MAD,Mitral Annular Disjunction (MAD)
MAIF,Mitral Annular Index Fraction (MAIF)
MAP,Mean Arterial Pressure (MAP)
MAPCA,Major Aortopulmonary Collateral Arteries (MAPCA)
MAPSE,Mitral Annular Plane Systolic Excursion (MAPSE)
MAV,Mitral Annular Velocity (MAV)
MAVL,Mitral Annular Velocity Load (MAVL)
MAZE,"Surgical procedure for atrial fibrillation (e.g., Cox-Maze procedure) (MAZE)"
MBT,Modified Blalock-Taussig Shunt (MBT)
MCA,Middle Cerebral Artery (MCA)
MDS,Myelodysplastic Syndrome (MDS)
ME,Mid-Esophageal (in transesophageal echocardiography) (ME)
MEMO,MEMO valve (prosthetic valve type)
MEV,Mean Ejection Velocity (MEV)
MFU,Multiframe Ultrasound (MFU)
MG,Mean Gradient (MG)
MGMV,Mechanical or Mitral Graft Valve (MGMV)
MH,Myocardial Hypertrophy (MH)
MI,Myocardial Infarction (MI)
MID,Middle (MID)
MILDLVH,Mild Left Ventricular Hypertrophy (MILDLVH)
M-mode,Motion-mode echocardiography (M-mode)
MOD,Moderate (MOD)
MPA,Main Pulmonary Artery (MPA)
MPAP,Mean Pulmonary Arterial Pressure (MPAP)
MPG,Mean Pressure Gradient (MPG)
MPI,Myocardial Performance Index (MPI)
MPPG,Mean Pulmonary Pressure Gradient (MPPG)
MPR,Myocardial Perfusion Reserve (MPR)
MR,Mitral regurgitation (MR)
MRG,Mitral Regurgitation Gradient (MRG)
MRI,Magnetic Resonance Imaging (MRI)
MRPG,Mitral Regurgitation Pressure Gradient (MRPG)
MRSA,Methicillin-Resistant Staphylococcus aureus (MRSA)
MRV,Magnetic Resonance Venography (MRV)
MRVC,Mitral Regurgitation Volume Correction (MRVC)
MS,Mitral Stenosis (MS)
MSMS,Mitral Stenosis Mean Slope (MSMS)
MV,Mitral Valve (MV)
MVA,Mitral Valve Area (MVA)
MVAA,Mitral Valve Annular Area (MVAA)
MVC,Mitral Valve Commissure (MVC)
MVD,Mitral Valve Disease (MVD)
MVDT,Mitral Valve Deceleration Time (MVDT)
MVDVI,Mitral Valve Diastolic Volume Index (MVDVI)
MVE,Mitral Valve Ejection (MVE)
MVG,Mitral Valve Gradient (MVG)
MVL,Mitral Valve Leaflet (MVL)
MVLS,Mitral Valve Leaflet Structure (MVLS)
MVMG,Mitral Valve Mean Gradient (MVMG)
MVN,Mitral Valve Narrowing (MVN)
MVO,Mitral valve opening (MVO)
MVP,Mitral Valve Prolapse (MVP)
MVPG,Mitral Valve Pressure Gradient (MVPG)
MVPHT,Mitral Valve Pressure Half-Time (MVPHT)
MVR,Mitral Valve Replacement (MVR)
MVS,Mitral Valve Stenosis (MVS)
MVVTI,Mitral Valve Velocity-Time Integral (MVVTI)
MYVAL,Myval (a brand of transcatheter heart valve)
NASTEMI,Non-Anterior ST-Elevation Myocardial Infarction (NASTEMI)
NAVX,NavX (electrophysiology mapping system)
NAWMR,Normal Anterior Wall Motion Range (NAWMR)
NBTE,Non-Bacterial Thrombotic Endocarditis (NBTE)
NCC,Non-Coronary Cusp (NCC)
NCLV,Noncompaction of the Left Ventricle (NCLV)
NECA,Necrotic Anterior Coronary Artery (NECA)
NEP,Neutral Endopeptidase (NEP)
NFT,No Flow Time (NFT)
NHL,Non-Hodgkin's Lymphoma (NHL)
NL,Normal (NL)
NLGLS,Normal Longitudinal Global Strain (NLGLS)
NNO,No New Onset (NNO)
NOAC,Non-Vitamin K Oral Anticoagulant (NOAC)
NORWMA,Normal Regional Wall Motion Abnormality (NORWMA)
NRGA,Normal Right Gastric Artery (NRGA)
NRWM,Normal Regional Wall Motion (NRWM)
NRWMA,No Regional Wall Motion Abnormality (NRWMA)
NRWMH,Normal Regional Wall Motion Hypokinesia (NRWMH)
NSC,"Non-Small Cell (e.g., Non-Small Cell Lung Cancer) (NSC)"
NSCLC,Non-Small Cell Lung Cancer (NSCLC)
NSETMI,Non-ST Elevation Myocardial Infarction (NSETMI)
NSR,Normal Sinus Rhythm (NSR)
NSTEMI,Non-ST Elevation Myocardial Infarction (NSTEMI)
NSTMI,Non-ST Elevation Myocardial Infarction (NSTMI)
NSVT,Non-Sustained Ventricular Tachycardia (NSVT)
NTW,Normal Thickness Wall (NTW)
NUMED,NuMED (medical device company specializing in interventional cardiology) 
NWMA,NO Wall Motion Abnormality (NWMA)
NYHA,New York Heart Association (functional classification for heart failure) (NYHA)
OAC,Oral anticoagulant (OAC)
OLV,One-Lung Ventilation (OLV)
OM,Obtuse Marginal (branch of the left coronary artery) (OM)
OMC,Open Mitral Commissurotomy (OMC)
OMVC,Obtuse Marginal Vessel Closure (OMVC)
ONX,On-X Prosthetic Valve (specific brand) (ONX)
ON-X,On-X Prosthetic Valve (specific brand) (ONX)
ONYX,Onyx (brand of embolic material or device) (ONYX)
ONYX-NO,Onyx (brand of embolic material or device) (ONYX)
OP,Operation (OP)
PA,Pulmonary artery (PA)
PAACCT,Pulmonary Artery Acceleration Time (PAACCT)
PAACT,Pulmonary Artery Acceleration Time (PAACT)
PAAT,Pulmonary Artery Acceleration Time (PAAT)
PAC,Premature Atrial Contraction (PAC)
PACCT,Pulmonary Artery Contraction Time (PACCT)
PACT,Pulmonary Arterial Contraction Time (PACT)
PAD,Peripheral Arterial Disease (PAD)
PAG,Pulmonary Artery Gradient (PAG)
PAH,Pulmonary Arterial Hypertension (PAH)
PAM,Pulmonary Artery Mean pressure (PAM)
PAP,Pulmonary Artery Pressure (PAP)
PAPS,Pulmonary Artery Peak Systolic pressure (PAPS)
PAPVC,Partial Anomalous Pulmonary Venous Connection (PAPVC)
PAPVD,Partial Anomalous Pulmonary Venous Drainage (PAPVD)
PASP,Pulmonary Artery Systolic Pressure (PASP)
PAT,Paroxysmal Atrial Tachycardia (PAT)
PAU,Penetrating Aortic Ulcer (PAU)
PAVT,Paravalvular Tachycardia (PAVT)
PBF,Pulmonary Blood Flow (PBF)
PBMW,Percutaneous Balloon Mitral Valvuloplasty (PBMW)
PCI,Percutaneous Coronary Intervention (PCI)
PCIS,Post-Cardiac Injury Syndrome (PCIS)
PCWP,Pulmonary Capillary Wedge Pressure (PCWP)
PDA,Patent Ductus Arteriosus (PDA)
PE,Pulmonary embolism (PE)
PEEP,Positive End-Expiratory Pressure (PEEP)
PEG,Percutaneous Endoscopic Gastrostomy (PEG)
PEP,Preejection period (PEP)
PEP:ET,Ratio of PEP to ET (PEP:ET)
PERIMOUNT,Edwards Pericardial Valve (specific brand) (PERIMOUNT)
PET,Positron Emission Tomography (PET)
PFO,Patent Foramen Ovale (PFO)
PG,Pressure Gradient (PG)
PGPI,Pressure Gradient Peak Index (PGPI)
PH,Pulmonary hypertension (PH)
PHT,Pressure Half-Time (PHT)
PHTN,Pulmonary Hypertension (PHTN)
PHV,Prosthetic Heart Valve (PHV)
PI,Pulmonic insufficiency (PI)
PIACT,Pulmonary Insufficiency Acceleration Time (PIACT)
PICU,Pediatric Intensive Care Unit (PICU)
PIG,Pericardial Isolation Graft (PIG)
PIP,Peak Inspiratory Pressure (PIP)
PIPG,Peak Instantaneous Pressure Gradient (PIPG)
PIPHT,Peak Instantaneous Pressure Half-Time (PIPHT)
PISA,Proximal Isovelocity Surface Area (PISA)
PISSA,Proximal Isovelocity Surface Area Systolic Assessment (PISSA)
PLAX,Parasternal Long-Axis View (PLAX)
PLB,Posterior Leaflet Bulge or Posterior Lateral Branch (PLB)
PLSVC,Persistent Left Superior Vena Cava (PLSVC)
PLV,Posterolateral Ventricular wall (PLV)
PLVS,Posterior Leaflet Valve Systole (PLVS)
PLX,Parasternal Long Axis (PLX)
PM,perimembranous (PM)
PMG,Mean Pressure Gradient (PMG)
PMH,Past Medical History (PMH)
PML,Posterior Mitral Leaflet (PML)
PMLV,Posterior Mitral Leaflet Velocity (PMLV)
PMV,Percutaneous Mitral Valvuloplasty (PMV)
PMVL,Posterior Mitral Valve Leaflet (PMVL)
PMVSD,Perimembranous Ventricular Septal Defect (PMVSD)
PMWL,Posterior Mitral Wall Length (PMWL)
PND,Paroxysmal Nocturnal Dyspnea (PND)
POBA,Plain Old Balloon Angioplasty (POBA)
POET,Pulmonary Oxygenation and Exercise Test (POET)
POPVC,Partial Obstructive Pulmonary Venous Connection (POPVC)
POSPUMP,Post-Pump (POSPUMP)
PPCI,Primary Percutaneous Coronary Intervention (PPCI)
PPCM,Peripartum Cardiomyopathy (PPCM)
PPCMP,Peripartum Cardiomyopathy (PPCMP)
PPFG,Peak Pulmonary Flow Gradient (PPFG)
PPG,Peak Pressure Gradient (PPG)
PPH,Persistent Pulmonary Hypertension (PPH)
PPIG,Peak Pulmonary Insufficiency Gradient (PPIG)
PPM,Permanent Pacemaker (PPM)
PPMVL,Prolapsed Posterior Mitral Valve Leaflet (PPMVL)
PPPM,Prosthetic Permanent Pacemaker (PPPM)
PPS,Peripheral Pulmonary Stenosis (PPS)
PPVI,Percutaneous Pulmonary Valve Implantation (PPVI)
PR,Pulse Rate (PR)
PS,Pulmonary Stenosis (PS)
PSAX,Parasternal Short-Axis View (echocardiographic view) (PSAX)
PSDA,Parasternal Short-Diastolic Axis (PSDA)
PSLAX,Parasternal Long-Axis View (PSLAX)
PSLX,Parasternal Long Axis (PSLX)
PSP,Pulmonary Systolic Pressure (PSP)
PSSA,Parasternal Short Axis (PSSA)
PSVT,Paroxysmal Supraventricular Tachycardia (PSVT)
PSX,Parasternal Short Axis (PSX)
PTA,Percutaneous Transluminal Angioplasty (PTA)
PTAC,Percutaneous Transluminal Aortic Commissurotomy (PTAC)
PTC,Percutaneous Transluminal Coronary (angioplasty) (PTC)
PTCA,Percutaneous Transluminal Coronary Angioplasty (PTCA)
PTE,Pulmonary Thromboembolism (PTE)
PTFE,PTFE (material used in grafts and patches)
PTH,Parathyroid Hormone (PTH)
PTMC,Percutaneous Transmitral Commissurotomy (PTMC)
PTPC,Percutaneous Transpulmonary Commissurotomy (PTPC)
PTRA,Percutaneous Transluminal Renal Angioplasty (PTRA)
PTRG,Peak Tricuspid Regurgitation Gradient (PTRG)
PTT,Partial Thromboplastin Time (PTT)
PTVL,Posterior Tricuspid Valve Leaflet (PTVL)
PUPV,Pulmonary Upper Pulmonary Vein (PUPV)
PV,Pulmonary valve (PV)
PVA,Pulmonary Valve Area (PVA)
PVAACCT,Pulmonary Valve Annular Acceleration Time (PVAACCT)
PVAACT,Pulmonary Valve Annular Acceleration Time (PVAACT)
PVAC,Pulmonary Vein Acceleration (PVAC)
PVACT,Pulmonary Valve Acceleration Time (PVACT)
PV-ACT,Pulmonary Valve Acceleration Time (PVACT)
PVAT,Pulmonary Vein Acceleration Time (PVAT)
PV-AT,Pulmonary Vein Acceleration Time (PVAT)
PVATT,Pulmonary Vein Atrial Tachycardia (PVATT)
PVB,Premature Ventricular Beat (PVB)
PVC,Premature Ventricular Contraction (PVC)
PVCCT,Pulmonary Vein Continuous Conduction Time (PVCCT)
PVCS,Premature Ventricular Complexes (PVCS)
PVCT,Pulmonary Valve Closure Time (PVCT)
PVD,Peripheral Vascular Disease (PVD)
PVG,Pressure Gradient of the Pulmonary Valve (PVG)
PVL,Paravalvular Leak (PVL)
PVLS,Pulmonary Valve Leaflet Sclerosis (PVLS)
PVMG,Pulmonary Valve Mean Gradient (PVMG)
PVML,Pulmonary Valve Mitral Leak (PVML)
PVPG,Pulmonary Valve Peak Gradient (PVPG)
PVR,Pulmonary Valve Replacement (PVR)
PVS,Pulmonary Valve Stenosis (PVS)
PVSP,Pulmonary Valve Systolic Pressure (PVSP)
PVTI,Pulmonary Velocity-Time Integral (PVTI)
PVVTI,Pulmonary Vein Velocity-Time Integral (PVVTI)
PW,Pulsed Wave (Doppler ultrasound) (PW)
PWD,Pulsed Wave Doppler (PWD)
PWID,Pulsed Wave Indexed Diameter (PWID)
PWL,Posterior Wall Length (PWL)
PWP,Pulmonary Wedge Pressure (PWP)
PWS,Posterior Wall Systole (PWS)
PWT,Posterior Wall Thickness (PWT)
QP,Pulmonary Blood Flow (QP)
QRS,QRS Complex  (QRS)
QS,Systemic Blood Flow or Cardiac Output (Qs)
QT,QT Interval (ECG measurement) (QT)
RA,Right atrium (RA)
RAA,Right Atrial Appendage (RAA)
RAAVI,Right Atrial Appendage Velocity Index (RAAVI)
RAC,Right Atrial Contraction (RAC)
RAD,Right atrial diameter (RAD)
RAE,Right Atrial Enlargement (RAE)
RAEDVI,Right Atrial End-Diastolic Volume Index (RAEDVI)
RAID,Right Atrial Indexed Dimension (RAID)
RAMA,Right Anterior Mediastinal Artery (RAMA)
RAMP,Ramp Test (often for assessing VAD function)
RAMUS,Ramus Intermedius Artery (a coronary artery variant) (RAMUS)
RAP,Right Atrial Pressure (RAP)
RAPSE,Right Atrial Plane Systolic Excursion (RAPSE)
RASTAN,Rastan Procedure (surgical technique involving the aorta)
RASTELLI,Rastelli Procedure (a surgical repair for congenital heart defects) (RASTELLI)
RAV,Right Atrioventricular Valve (RAV)
RAVE,Right Atrioventricular Enlargement (RAVE)
RAVI,Right Atrial Volume Index (RAVI)
RAVID,Right Atrial Volume Indexed Dimension (RAVID)
RAVV,Right Atrioventricular Valve (RAVV)
RAWM,Right Atrial Wall Motion (RAWM)
RBBB,Right Bundle Branch Block (RBBB)
RCA,Right Coronary Artery (RCA)
RCC,Right Coronary Cusp (RCC)
RCFV,Right Common Femoral Vein (RCFV)
RCID,Right Coronary Internal Diameter (RCID)
RCIV,Right Common Iliac Vein (RCIV)
RCM,Restrictive Cardiomyopathy (RCM)
RCV,Right Cardiac Volume (RCV)
RCVID,Right Cardiac Volume Indexed Dimension (RCVID)
RDH,Right Diaphragmatic Hernia (RDH)
RECC,Recurrent Coronary Catheterization (RECC)
REE,Resting Energy Expenditure (REE)
REIV,Right External Iliac Vein (REIV)
REOA,Residual Effective Orifice Area (REOA)
RF,Rhematoid Fever (RF)
RFA,Radiofrequency Ablation (RFA)
RFV,Right Femoral Vein (RFV)
RFVID,Right Femoral Vein Internal Diameter (RFVID)
RHC,Right Heart Catheterization (RHC)
RHD,Rheumatic Heart Disease (RHD)
RICA,Right Internal Carotid Artery (RICA)
RID,Right Internal Diameter (RID)
RIMA,Right Internal Mammary Artery (RIMA)
RIVD,Right Interventricular Diameter (RIVD)
RJV,Right Jugular Vein (RJV)
RLL,Right Lower Lobe (of the lung) (RLL)
RLPV,Right Lower Pulmonary Vein (RLPV)
RMMA,Right Main Mediastinal Artery (RMMA)
RMPV,Right Main Pulmonary Vein (RMPV)
RMWA,Regional Myocardial Wall Abnormality (RMWA)
RNID,Right Nodal Internal Diameter (RNID)
ROA,Regurgitant Orifice Area (ROA)
ROSS,Ross Procedure (aortic valve replacement using pulmonary autograft)
ROSV,Right Outflow Subvalvular Obstruction (ROSV)
RPA,Right Pulmonary Artery (RPA)
RPV,Right Pulmonary Vein (RPV)
RPVS,Right Pulmonary Venous System (RPVS)
RR,Respiratory Rate (RR)
RRAVI,Right Respiratory Atrial Volume Index (RRAVI)
RRE,Right Recurrent Enlargement (RRE)
RSCA,Right Subclavian Artery (RSCA)
RSM,Residual Stenosis Measurement (RSM)
RSOV,Ruptured Sinus of Valsalva (RSOV)
RSVC,Right Superior Vena Cava (RSVC)
RT,Right (RT)
RTAPSE,Right Ventricular Tricuspid Annular Plane Systolic Excursion (RTAPSE)
RTG,Right Transgastric (RTG)
RU,Right Upper (RU)
RUP,Right Upper Pulmonary (RUP)
RUPV,Right Upper Pulmonary Vein (RUPV)
RV,Right Ventricle (RV)
RVAD,Right Ventricular Assist Device (RVAD)
RVAI,Right Ventricular Area Index (RVAI)
RVAID,Right Ventricular Area Indexed Diameter (RVAID)
RVC,Right Ventricular Cavity (RVC)
RVD,Right Ventricular Dysfunction (RVD)
RVDD,Right ventricular dimension at end-diastole (RVDd)
RVDI,Right Ventricular Diameter Index (RVDI)
RVDs,Right ventricular dimension at end-systole (RVDs)
RVE,Right Ventricular Enlargement (RVE)
RVED,Right Ventricular End-Diastole (RVED)
RVEDD,Right Ventricular End-Diastolic Diameter (RVEDD)
RVEDVI,Right Ventricular End-Diastolic Volume Index (RVEDVI)
RVEF,Right Ventricular Ejection Fraction (RVEF)
RVEID,Right Ventricular Endocardial Internal Diameter (RVEID)
RVEP,Right Ventricular Endocardial Pressure (RVEP)
RVER,Right Ventricular Ejection Reserve (RVER)
RVFAC,Right Ventricular Fractional Area Change (RVFAC)
RVH,Right Ventricular Hypertrophy (RVH)
RVI,Right Ventricular Index (RVI)
RVIA,Right Ventricular Inferior Area (RVIA)
RVIAD,Right Ventricular Internal Diameter (RVIAD)
RVID,Right Ventricular Internal Diameter (RVID)
RVIDD,Right Ventricular Internal Diameter in Diastole (RVIDD)
RVIDE,Right Ventricular Internal Diameter End-diastole (RVIDE)
RVIDL,Right Ventricular Internal Diameter in Length (RVIDL)
RVIDS,Right Ventricular Internal Diameter in Systole (RVIDS)
RVIED,Right Ventricular Internal End-Diastole (RVIED)
RVIFD,Right Ventricular Internal Flow Diameter (RVIFD)
RVIS,Right Ventricular Internal Shortening (RVIS)
RVIV,Right Ventricular Inflow Velocity (RVIV)
RVLD,Right Ventricular Longitudinal Diameter (RVLD)
RVM,Right Ventricular Mass (RVM)
RVMA,Right Ventricular Myocardial Area (RVMA)
RVMB,Right Ventricular Myocardial Band (RVMB)
RVMI,Right Ventricular Myocardial Infarction (RVMI)
RVMPI,Right Ventricular Myocardial Performance Index (RVMPI)
RVO,Right Ventricular Outflow (RVO)
RVOR,Right Ventricular Outflow Resistance (RVOR)
RVOT,Right Ventricular Outflow Tract (RVOT)
RVOTD,Right Ventricular Outflow Tract Diameter (RVOTD)
RVOTVTI,Right Ventricular Outflow Tract Velocity-Time Integral (RVOTVTI)
RVOT-VTI,Right Ventricular Outflow Tract Velocity-Time Integral (RVOTVTI)
RVPV,Right Ventricular Pulmonary Valve (RVPV)
RVR,Rapid Ventricular Response (RVR)
RVS,Right Ventricular Systole (RVS)
RVSD,Right Ventricular Systolic Dysfunction (RVSD)
RVSM,Right Ventricular Septal Motion (RVSM)
RVSP,Right Ventricular Systolic Pressure (RVSP)
RVSS,Right Ventricular Systolic Shortening (RVSS)
RVT,Right Ventricular Thickness (RVT)
RVWM,Right Ventricular Wall Motion (RVWM)
RWA,Regional Wall Abnormality (RWA)
RWAM,Regional Wall Abnormal Motion (RWAM)
RWAMA,Regional Wall Abnormal Motion Assessment (RWAMA)
RWM,Regional Wall Motion (RWM)
RWMA,Regional Wall Motion Abnormality (RWMA)
RWMAD,Regional Wall Motion Abnormality in Diastole (RWMAD)
RWMAM,Regional Wall Motion Abnormality Measurement (RWMAM)
RWMH,Regional Wall Motion Hypokinesia (RWMH)
RWNA,Regional Wall Motion Abnormality (RWNA)
RWT,Relative Wall Thickness (RWT)
RX,Treatment (RX)
S,Peak velocity of systolic pulmonary vein flow (S)
S',Peak velocity of systolic mitral annular motion (S')
SAH,Subarachnoid Hemorrhage (SAH)
SAM,Systolic Anterior Motion (of the mitral valve) (SAM)
SAP,Systolic Arterial Pressure (SAP)
SAPIEN,SAPIEN (Transcatheter Heart Valve)
SAT,Saturation (SAT)
SAX,Short-Axis View (SAX)
SBE,Subacute Bacterial Endocarditis (SBE)
SBF,Systemic Blood Flow (SBF)
SBP,Systolic Blood Pressure (SBP)
SCA,Single Coronary Artery (SCA)
SCAD,Spontaneous Coronary Artery Dissection (SCAD)
SCC,Squamous Cell Carcinoma or Superior Caval Constriction (SCC)
SCD,Sudden Cardiac Death (SCD)
SCV,Superior Caval Vein (SCV)
SDH,Subdural Hematoma (SDH)
SDL,Septal Dyskinesis Length (SDL)
SEC,Spontaneous Echo Contrast (SEC)
SEP,Septum (SEP)
SEPT,Septal (SEPT)
sept,Septal (sept)
SFA,Superficial Femoral Artery (SFA)
SFF,Systolic filling fraction of pulmonary vein flow (SFF)
SICD,Subcutaneous Implantable Cardioverter Defibrillator (SICD)
SIHD,Stable Ischemic Heart Disease (SIHD)
SIMV,Synchronized Intermittent Mandatory Ventilation (SIMV)
SJ,St. Jude (referring to St. Jude Medical devices)
SJV,Superior Jugular Vein (SJV)
SLE,Systemic Lupus Erythematosus (SLE)
SLL,Small Lymphocytic Lymphoma (SLL)
SMMVT,Sustained Monomorphic Ventricular Tachycardia (SMMVT)
SNHL,Sensorineural Hearing Loss (SNHL)
SOV,Sinus of Valsalva (SOV)
SOVB,Sinus of Valsalva  (SOVB)
SPA,Systolic Pulmonary Artery pressure (SPA)
SPAP,Systolic Pulmonary Artery Pressure (SPAP)
SPB,Systolic Blood Pressure (SPB)
SPECT,Single Photon Emission Computed Tomography (SPECT)
SPG,Systolic Pressure Gradient (SPG)
SPPA,Systolic Pulmonary Artery Pressure (SPPA)
SPPAP,Systolic Pulmonary Artery Pressure (SPPAP)
SPSP,Systolic Pulmonary Artery Pressure (SPSP)
SR,Sinus Rhythm (SR)
SRV,Systolic Right Ventricular velocity
SSS,Sick Sinus Syndrome (SSS)
STE,ST-Segment Elevation (STE)
STEAMI,ST-Elevation Myocardial Infarction (STEAMI)
STEMI,ST-Elevation Myocardial Infarction (STEMI)
STG,Sinotubular Junction (STG)
STI,Sinotubular Junction (STI)
STJ,Sinotubular Junction (STJ)
STJUD,St. Jude (referring to St. Jude Medical devices) (STJUD)
STJUDE,St. Jude (referring to St. Jude Medical devices) (STJUDE)
STROBE,Strengthening the Reporting of Observational Studies in Epidemiology (STROBE)
SV,Stroke volume (SV)
SVA,Sinus of Valsalva Aneurysm
SVC,Superior Vena Cava (SVC)
SVD,Small Vessel Disease (SVD)
SVG,Saphenous Vein Graft (SVG)
SVI,Stroke Volume Index (SVI)
SVT,Supraventricular Tachycardia (SVT)
SWT,Septal Wall Thickness (SWT)
SYS,Systolic (SYS)
TA,Truncus Arteriosus (TA)
TAC,Ttricuspid Annular Calcification (TAC)
TAPE,Tricuspid Annular Plane Ejection (TAPE)
TAPI,Tricuspid Annular Plane Index (TAPI)
TAPS,Tricuspid Annular Plane Systole (TAPS)
TAPSE,Tricuspid Annular Plane Systolic Excursion (TAPSE)
TAPSI,Tricuspid Annular Plane Systolic Index (TAPSI)
TAPVC,Total Anomalous Pulmonary Venous Connection (TAPVC)
TAVI,Transcatheter Aortic Valve Implantation (TAVI)
TB,Tuberclusis (TB)
TCC,Transitional Cell Carcinoma (TCC)
TCPC,Total Cavopulmonary Connection (TCPC)
TDI,Tissue Doppler Imaging (TDI)
TEE,Transesophageal Echocardiography (TEE)
TEPSE,Tricuspid Ejection Plane Systolic Excursion (TEPSE)
TEVAR,Thoracic Endovascular Aortic Repair (TEVAR)
TF,Tetralogy of Fallot (TF)
TFCT,Tetralogy of Fallot Corrective Surgery Timing (TFCT)
TFT,Thyroid Function Test (TFT)
TFTC,Tetralogy of Fallot Total Correction (TFTC)
TFT-C,Tetralogy of Fallot Total Correction (TFTC)
TGA,Transposition of the Great Arteries (TGA)
TGV,Transposition of the Great Vessels (TGV)
TI,Tricuspid Insufficiency (TI)
TIA,Transient Ischemic Attack (TIA)
TLT,Thrombolytic Therapy (TLT)
TNG,Trinitroglycerin (TNG)
TOF,Tetralogy of Fallot (TOF)
TOPHAT,TOP HAT (Carbomedics Top Hat Supraannular Aortic Valve a mechanical heart valve designed for supraannular implantation)
TPASE,Tricuspid Annular Plane Systolic Excursion (TPASE)
TPG,Transpulmonary Pressure Gradient (TPG)
TPM,Temporary Pacemaker (TPM)
TPS,Transpulmonary Systolic (gradient) (TPS)
TPSE,Tricuspid Plane Systolic Excursion (TAPSE)
TPVR,Transcathetere Pulmonary Valve Replacement(TPVR)
TR,Tricuspid Regurgitation (TR)
TRG,Tricuspid Regurgitation Gradient (TRG)
TRIC-VALVE  ,Tricuspid Valve Intervention (TRIC-VALVE)
TRPG,Tricuspid Regurgitation Pressure Gradient (TRPG)
TS,Tricuspid Stenosis (TS)
TSH,Thyroid Stimulating Hormone (TSH)
TT therapy,Transcatheter Tricuspid therapy
TTE,Transthoracic Echocardiography (TTE)
TV,Tricuspid Valve (TV)
TVA,Tricuspid Valve Area (TVA)
TVAI,Tricuspid Valve Annular Index (TVAI)
TVL,Tricuspid Valve Leaflet (TVL)
TVLS,Tricuspid Valve Leaflets (TVLs)
TVMG,Tricuspid Valve Mean Gradient (TVMG)
TVP,Tricuspid Valve Prolapse (TVP)
TVR,Tricuspid Valve Replacement (TVR)
TVS,Tricuspid Valves (TVS)
TYSHAK,TYSHAK (a brand of percutaneous transluminal valvuloplasty catheters)
URPV,Upper Right Pulmonary Vein (URPV)
VA,Ventriculoarterial (VA)
VAD,Ventricular Assist Device (VAD)
VAP,Ventilator-Associated Pneumonia (VAP)
VC,Vena Contracta (VC)
VCA,Vena Contracta Area (VCA)
VEF,Ventricular Ejection Fraction (VEF)
VEL,Velocity (VEL)
VF,Ventricular Fibrillation (VF)
VH,Ventricular Hypertrophy (VH)
VHD,Valvular Heart Disease (VHD)
VIV,Valve-in-Valve (procedure) (VIV)
VMAX,Peak velocity (VMAX)
Vmax,Peak velocity (Vmax)
VOL,Volume (VOL)
Vp,Peak velocity (Vp)
VSD,Ventricular Septal Defect (VSD)
VSR,Ventricular Septal Rupture (VSR)
VT,Ventricular Tachycardia (VT)
VTE,Venous Thromboembolism (VTE)
VTI,Velocity-Time Integral (VTI)
VVIR,VVIR (Pacing mode)
WBC,White Blood Cell (WBC)
WMA,Wall Motion Abnormality (WMA)
WPW,Wolff-Parkinson-White Syndrome (WPW)
XL,"Extra-Large or Long-Axis (e.g., echocardiographic view) (XL)"
XS,Extra-Small or Cross-Section (XS)
XT,Transcatheter Device (XT)
XXL,Extra Extra Large (XXL)
Y/O,Years Old (Y/O)
YO,Years Old (YO)
ZMED,ZMED (Percutaneous Transluminal Valvuloplasty Catheter)
